Preguntas;Respuesta 1;Respuesta 2;
;;;
;‘Auguet 7, 2009 118 PM.;;
;‘Auguet 7, 2009 118 PM.;;
;EDMUND 161;;
Dwelling;$24,022;;
Business Properly Off;;;
‘Olhor Siructures.;$2,402;;
Personal Properly;393,017;;
Business Property On;;;
‘Actual;;;
;‘Cameras.;;
‘Cameras.;;;
‘Crackt Cards:;§00.c00;;
Personal Liability;§00.c00;;
Debris:;Removal of Free by = S00 Tree/L000.;;
Debris:;Removal of Free by = S00 Tree/L000.;;
Modical Paymonts to Othors:;5.000,;;
‘Loss;1.000,;;
Deductible;1;;
Fieg Deparimont Service;;;
Firgarms:;;;
AGE OF CONSTRUCTION Inchxted Froazer Food Spoilage;;;
Included;26,060.00;;
Money;;;
Fine Arts;26,060.00;;
Trees; Sihoubs and Other;5%/500;
Walercraft;;;
;;;
;;;
Otros;;;
;;;
On the side of the road.<n>On the;;;
The amount shown is based on the affective date of August 15; 2009 .<n>To begin protecting your valuable assets laday; or you have any questions; please contact us at the 'convenience'
;;;
;;;
25 HP;;;
Secunlars.com: Are you a Secun;;;
Separate Deductibles may apply in certain circumstances.<n>For example;;;
2.500 Silverware.<n>2.500 Goldware.;;;
Treders;;;
Biological Daleriorstion oF 10;000 Damage ‘Brand Naw Seloogings Inchded.;;
The following is a list of some of the most;;;
